filename,width,height,class,xmin,ymin,xmax,ymax
409700_normal_img.jpg,256,256,Backpack,62,8,151,166
409700_normal_img.jpg,256,256,Person,30,0,127,177
409700_normal_img.jpg,256,256,Bottle,5,0,136,168
409700_normal_img.jpg,256,256,Watch,59,131,119,156
409700_normal_img.jpg,256,256,Handbag,0,0,103,124
409700_normal_img.jpg,256,256,Bottle,40,6,164,160
409701_horizontal_img.jpg,256,256,Bottle,92,6,216,160
409700_normal_img.jpg,256,256,Handbag,37,19,165,131
409701_horizontal_img.jpg,256,256,Handbag,91,19,219,131
409701_scale_img.jpg,256,256,Handbag,58,3,186,124
409702_scale_img.jpg,256,256,Handbag,70,5,174,151
409703_scale_img.jpg,256,256,Handbag,38,6,136,124
409704_scale_img.jpg,256,256,Handbag,49,9,191,118
409700_normal_img.jpg,256,256,Person,25,0,139,220
409701_horizontal_img.jpg,256,256,Person,117,0,231,220
409701_scale_img.jpg,256,256,Person,28,0,155,217
409702_scale_img.jpg,256,256,Person,26,0,147,194
409703_scale_img.jpg,256,256,Person,28,0,159,213
409704_scale_img.jpg,256,256,Person,25,0,139,196
409705_scale_img.jpg,256,256,Person,27,0,150,204
409706_scale_img.jpg,256,256,Person,24,0,136,249
409707_scale_img.jpg,256,256,Person,24,0,137,240
409708_scale_img.jpg,256,256,Person,26,0,145,209
409709_brightness_img.jpg,256,256,Person,25,0,139,220
409710_brightness_img.jpg,256,256,Person,25,0,139,220
409711_brightness_img.jpg,256,256,Person,25,0,139,220
409712_noise_gauss_img.jpg,256,256,Person,25,0,139,220
409713_noise_gauss_img.jpg,256,256,Person,25,0,139,220
409714_noise_s&p_img.jpg,256,256,Person,25,0,139,220
409715_noise_s&p_img.jpg,256,256,Person,25,0,139,220
409716_noise_s&p_img.jpg,256,256,Person,25,0,139,220
409717_shear_img.jpg,256,256,Person,27,0,163,220
409700_normal_img.jpg,256,256,Backpack,27,61,143,148
409701_horizontal_img.jpg,256,256,Backpack,113,61,229,148
409701_scale_img.jpg,256,256,Backpack,26,84,146,162
409702_scale_img.jpg,256,256,Backpack,26,31,119,127
409703_scale_img.jpg,256,256,Backpack,39,29,146,132
409704_scale_img.jpg,256,256,Backpack,69,34,157,151
409705_scale_img.jpg,256,256,Backpack,51,26,120,127
409706_scale_img.jpg,256,256,Backpack,65,30,166,139
409707_scale_img.jpg,256,256,Backpack,37,40,163,167
409708_scale_img.jpg,256,256,Backpack,53,34,121,163
409700_normal_img.jpg,256,256,Bottle,23,28,129,162
409700_normal_img.jpg,256,256,Suitcase,0,0,163,139
409700_normal_img.jpg,256,256,Bottle,38,95,230,230
409701_horizontal_img.jpg,256,256,Suitcase,93,0,256,139
409701_horizontal_img.jpg,256,256,Bottle,26,95,218,230
409701_scale_img.jpg,256,256,Suitcase,0,0,151,180
409701_scale_img.jpg,256,256,Bottle,34,173,202,256
409702_brightness_img.jpg,256,256,Suitcase,0,0,165,147
409702_brightness_img.jpg,256,256,Bottle,164,44,230,230
409703_noise_gauss_img.jpg,256,256,Suitcase,0,0,184,168
409704_shear_img.jpg,256,256,Suitcase,13,0,171,174
409704_shear_img.jpg,256,256,Bottle,136,42,227,230
409705_hsv_img.jpg,256,256,Suitcase,0,0,181,175
409705_hsv_img.jpg,256,256,Bottle,44,163,230,230
409706_seq_img.jpg,256,256,Suitcase,131,0,256,183
409706_seq_img.jpg,256,256,Bottle,25,117,232,256
409708_normal_img.jpg,256,256,Bottle,0,18,175,153
409709_horizontal_img.jpg,256,256,Bottle,81,18,256,153
409709_scale_img.jpg,256,256,Bottle,53,0,159,207
409700_normal_img.jpg,256,256,Handbag,11,0,76,84
409700_normal_img.jpg,256,256,Suitcase,55,52,230,230
409701_horizontal_img.jpg,256,256,Handbag,180,0,245,84
409701_horizontal_img.jpg,256,256,Suitcase,26,52,201,230
409701_scale_img.jpg,256,256,Handbag,0,10,81,82
409701_scale_img.jpg,256,256,Suitcase,62,61,220,249
409702_brightness_img.jpg,256,256,Handbag,0,11,81,76
409702_brightness_img.jpg,256,256,Suitcase,91,74,230,230
409700_normal_img.jpg,256,256,Suitcase,0,0,159,133
409700_normal_img.jpg,256,256,Backpack,96,64,230,230
409701_horizontal_img.jpg,256,256,Suitcase,97,0,256,133
409701_horizontal_img.jpg,256,256,Backpack,26,64,160,230
409701_scale_img.jpg,256,256,Suitcase,0,0,177,147
409701_scale_img.jpg,256,256,Backpack,98,68,248,249
409702_brightness_img.jpg,256,256,Suitcase,0,0,168,143
409702_brightness_img.jpg,256,256,Backpack,63,100,230,230
409703_noise_s&p_img.jpg,256,256,Suitcase,0,0,153,125
409703_noise_s&p_img.jpg,256,256,Backpack,68,73,230,230
409704_shear_img.jpg,256,256,Suitcase,0,0,141,166
409704_shear_img.jpg,256,256,Backpack,64,82,229,230
409705_hsv_img.jpg,256,256,Suitcase,0,0,170,144
409705_hsv_img.jpg,256,256,Backpack,114,64,230,230
409706_seq_img.jpg,256,256,Suitcase,0,0,174,198
409706_seq_img.jpg,256,256,Backpack,74,100,256,256
409708_normal_img.jpg,256,256,Bottle,0,0,196,81
409708_normal_img.jpg,256,256,Backpack,67,99,230,230
409709_horizontal_img.jpg,256,256,Bottle,60,0,256,81
409709_horizontal_img.jpg,256,256,Backpack,26,99,189,230
409709_scale_img.jpg,256,256,Bottle,0,0,168,100
409709_scale_img.jpg,256,256,Backpack,108,63,204,194
409710_brightness_img.jpg,256,256,Bottle,0,0,132,185
409710_brightness_img.jpg,256,256,Backpack,68,116,230,230
409711_noise_gauss_img.jpg,256,256,Bottle,0,0,199,99
409712_shear_img.jpg,256,256,Bottle,27,9,203,76
409712_shear_img.jpg,256,256,Backpack,65,119,215,230
409713_hsv_img.jpg,256,256,Bottle,0,0,114,192
409713_hsv_img.jpg,256,256,Backpack,110,79,230,230
409714_seq_img.jpg,256,256,Bottle,139,0,256,213
409714_seq_img.jpg,256,256,Backpack,25,89,177,256
409716_normal_img.jpg,256,256,Watch,28,45,76,76
409716_normal_img.jpg,256,256,Laptop,29,116,230,230
409717_horizontal_img.jpg,256,256,Watch,180,45,228,76
409717_horizontal_img.jpg,256,256,Laptop,26,116,227,230
409717_scale_img.jpg,256,256,Watch,39,40,82,82
409717_scale_img.jpg,256,256,Laptop,94,17,249,250
409718_brightness_img.jpg,256,256,Watch,34,38,76,76
409718_brightness_img.jpg,256,256,Laptop,28,105,230,230
409719_noise_s&p_img.jpg,256,256,Watch,37,30,76,76
409719_noise_s&p_img.jpg,256,256,Laptop,83,20,230,230
409720_shear_img.jpg,256,256,Watch,36,37,80,76
409720_shear_img.jpg,256,256,Laptop,11,71,228,230
409721_hsv_img.jpg,256,256,Watch,26,48,76,76
409721_hsv_img.jpg,256,256,Laptop,113,29,230,230
409722_seq_img.jpg,256,256,Watch,199,25,238,84
409722_seq_img.jpg,256,256,Laptop,24,97,241,256
409724_normal_img.jpg,256,256,Bottle,16,0,141,177
409725_horizontal_img.jpg,256,256,Bottle,115,0,240,177
409725_scale_img.jpg,256,256,Bottle,0,82,199,191
409726_brightness_img.jpg,256,256,Bottle,0,25,160,175
409727_noise_s&p_img.jpg,256,256,Bottle,0,33,169,175
409728_shear_img.jpg,256,256,Bottle,60,0,141,183
409729_hsv_img.jpg,256,256,Bottle,18,0,141,178
409730_seq_img.jpg,256,256,Bottle,7,17,179,194
409732_normal_img.jpg,256,256,Person,0,0,102,189
409732_normal_img.jpg,256,256,Person,112,11,230,230
409700_normal_img.jpg,256,256,Suitcase,14,4,177,152
409701_horizontal_img.jpg,256,256,Suitcase,79,4,242,152
409701_scale_img.jpg,256,256,Suitcase,24,29,193,148
409702_brightness_img.jpg,256,256,Suitcase,26,2,177,152
409703_noise_gauss_img.jpg,256,256,Suitcase,1,0,177,161
409704_shear_img.jpg,256,256,Suitcase,44,2,184,152
409705_hsv_img.jpg,256,256,Suitcase,35,0,177,152
409706_seq_img.jpg,256,256,Suitcase,34,1,199,174
409708_normal_img.jpg,256,256,Bottle,0,0,171,128
409708_normal_img.jpg,256,256,Person,134,43,230,230
409709_horizontal_img.jpg,256,256,Bottle,85,0,256,128
409709_horizontal_img.jpg,256,256,Person,26,43,122,230
409709_scale_img.jpg,256,256,Bottle,0,0,162,116
409709_scale_img.jpg,256,256,Person,125,42,216,225
409710_brightness_img.jpg,256,256,Bottle,0,0,83,176
409710_brightness_img.jpg,256,256,Person,134,43,230,230
409711_noise_s&p_img.jpg,256,256,Bottle,0,0,176,96
409711_noise_s&p_img.jpg,256,256,Person,134,43,230,230
409712_shear_img.jpg,256,256,Bottle,0,0,168,125
409712_shear_img.jpg,256,256,Person,127,43,229,230
409713_hsv_img.jpg,256,256,Bottle,0,0,176,91
409713_hsv_img.jpg,256,256,Person,134,43,230,230
409714_seq_img.jpg,256,256,Bottle,84,0,241,134
409714_seq_img.jpg,256,256,Person,31,47,155,255
409716_normal_img.jpg,256,256,Handbag,0,0,109,91
409716_normal_img.jpg,256,256,Bottle,86,75,230,230
409717_horizontal_img.jpg,256,256,Handbag,147,0,256,91
409717_horizontal_img.jpg,256,256,Bottle,26,75,170,230
409717_scale_img.jpg,256,256,Handbag,0,0,125,106
409717_scale_img.jpg,256,256,Bottle,68,127,256,256
409718_brightness_img.jpg,256,256,Handbag,0,0,104,105
409718_brightness_img.jpg,256,256,Bottle,53,128,230,230
409719_noise_gauss_img.jpg,256,256,Handbag,0,0,117,129
409720_shear_img.jpg,256,256,Handbag,6,0,108,107
409720_shear_img.jpg,256,256,Bottle,74,85,227,230
409721_hsv_img.jpg,256,256,Handbag,0,0,110,96
409721_hsv_img.jpg,256,256,Bottle,157,45,230,230
409722_seq_img.jpg,256,256,Handbag,8,0,113,127
409722_seq_img.jpg,256,256,Bottle,51,159,246,256
409724_normal_img.jpg,256,256,Bottle,14,0,149,140
409725_horizontal_img.jpg,256,256,Bottle,107,0,242,140
409725_scale_img.jpg,256,256,Bottle,58,0,123,194
409726_brightness_img.jpg,256,256,Bottle,2,0,149,124
409727_noise_gauss_img.jpg,256,256,Bottle,10,0,149,148
409728_shear_img.jpg,256,256,Bottle,63,0,155,162
409729_hsv_img.jpg,256,256,Bottle,0,9,156,117
409730_seq_img.jpg,256,256,Bottle,0,28,193,132
409732_normal_img.jpg,256,256,Bottle,57,0,135,155
409733_horizontal_img.jpg,256,256,Bottle,121,0,199,155
409733_scale_img.jpg,256,256,Bottle,59,0,114,128
409734_brightness_img.jpg,256,256,Bottle,0,56,153,129
409700_normal_img.jpg,256,256,Handbag,69,36,178,143
409701_horizontal_img.jpg,256,256,Handbag,78,36,187,143
409701_scale_img.jpg,256,256,Handbag,70,38,186,166
409702_brightness_img.jpg,256,256,Handbag,78,35,178,143
409703_noise_s&p_img.jpg,256,256,Handbag,75,33,178,143
409704_shear_img.jpg,256,256,Handbag,82,31,187,143
409705_hsv_img.jpg,256,256,Handbag,69,31,178,143
409706_seq_img.jpg,256,256,Handbag,73,43,199,160
409700_normal_img.jpg,256,256,Laptop,20,36,175,150
409701_horizontal_img.jpg,256,256,Laptop,81,36,236,150
409701_scale_img.jpg,256,256,Laptop,9,50,164,141
409702_brightness_img.jpg,256,256,Laptop,76,0,175,160
409703_noise_gauss_img.jpg,256,256,Laptop,0,0,182,168
409704_shear_img.jpg,256,256,Laptop,74,0,185,162
409705_hsv_img.jpg,256,256,Laptop,6,61,175,150
409706_seq_img.jpg,256,256,Laptop,79,0,199,187
409700_normal_img.jpg,256,256,Person,28,0,147,223
409701_horizontal_img.jpg,256,256,Person,109,0,228,223
409701_scale_img.jpg,256,256,Person,23,0,123,211
409702_brightness_img.jpg,256,256,Person,28,0,147,223
409703_noise_s&p_img.jpg,256,256,Person,28,0,147,223
409704_shear_img.jpg,256,256,Person,25,0,154,223
409705_hsv_img.jpg,256,256,Person,28,0,147,223
409706_seq_img.jpg,256,256,Person,113,0,255,248
409700_normal_img.jpg,256,256,Bottle,0,39,171,152
409701_horizontal_img.jpg,256,256,Bottle,85,39,256,152
409701_scale_img.jpg,256,256,Bottle,53,0,112,156
409702_brightness_img.jpg,256,256,Bottle,0,2,155,152
409703_noise_gauss_img.jpg,256,256,Bottle,0,78,168,152
409704_shear_img.jpg,256,256,Bottle,0,81,166,152
409705_hsv_img.jpg,256,256,Bottle,50,0,133,170
409706_seq_img.jpg,256,256,Bottle,0,47,200,174
409700_normal_img.jpg,256,256,Handbag,55,42,177,175
409701_horizontal_img.jpg,256,256,Handbag,79,42,201,175
409701_scale_img.jpg,256,256,Handbag,43,49,171,156
409702_brightness_img.jpg,256,256,Handbag,64,47,177,175
409703_noise_gauss_img.jpg,256,256,Handbag,50,35,177,175
409704_shear_img.jpg,256,256,Handbag,48,50,182,175
409705_hsv_img.jpg,256,256,Handbag,50,40,177,175
409706_seq_img.jpg,256,256,Handbag,89,74,237,209
409700_normal_img.jpg,256,256,Handbag,0,0,118,143
409700_normal_img.jpg,256,256,Handbag,152,150,230,230
409701_horizontal_img.jpg,256,256,Handbag,138,0,256,143
409701_horizontal_img.jpg,256,256,Handbag,26,150,104,230
409701_scale_img.jpg,256,256,Handbag,0,0,121,134
409701_scale_img.jpg,256,256,Handbag,151,172,214,256
409702_brightness_img.jpg,256,256,Handbag,0,0,128,105
409702_brightness_img.jpg,256,256,Handbag,141,155,230,230
409703_noise_s&p_img.jpg,256,256,Handbag,0,0,116,146
409703_noise_s&p_img.jpg,256,256,Handbag,147,159,230,230
409704_shear_img.jpg,256,256,Handbag,6,0,152,114
409704_shear_img.jpg,256,256,Handbag,144,150,224,230
409705_hsv_img.jpg,256,256,Handbag,0,0,115,149
409705_hsv_img.jpg,256,256,Handbag,161,141,230,230
409706_seq_img.jpg,256,256,Handbag,0,0,147,140
409706_seq_img.jpg,256,256,Handbag,174,167,256,256
409700_normal_img.jpg,256,256,Handbag,59,68,152,146
409700_normal_img.jpg,256,256,Bottle,0,38,149,87
409701_horizontal_img.jpg,256,256,Handbag,104,68,197,146
409701_horizontal_img.jpg,256,256,Bottle,107,38,256,87
409701_scale_img.jpg,256,256,Handbag,84,50,174,133
409701_scale_img.jpg,256,256,Bottle,0,0,95,135
409702_brightness_img.jpg,256,256,Handbag,65,48,152,146
409702_brightness_img.jpg,256,256,Bottle,0,0,70,151
409703_noise_s&p_img.jpg,256,256,Handbag,66,51,152,146
409703_noise_s&p_img.jpg,256,256,Bottle,0,0,66,151
409704_shear_img.jpg,256,256,Handbag,69,68,158,146
409704_shear_img.jpg,256,256,Bottle,25,0,98,151
409705_hsv_img.jpg,256,256,Handbag,65,49,152,146
409705_hsv_img.jpg,256,256,Bottle,0,0,88,148
409706_seq_img.jpg,256,256,Handbag,0,0,106,104
409706_seq_img.jpg,256,256,Bottle,107,214,256,256
409700_normal_img.jpg,256,256,Suitcase,3,0,132,149
409701_horizontal_img.jpg,256,256,Suitcase,124,0,253,149
409701_scale_img.jpg,256,256,Suitcase,12,0,119,160
409702_brightness_img.jpg,256,256,Suitcase,0,0,179,154
409703_noise_s&p_img.jpg,256,256,Suitcase,0,0,146,155
409704_shear_img.jpg,256,256,Suitcase,0,0,173,151
409705_hsv_img.jpg,256,256,Suitcase,0,0,135,152
409706_seq_img.jpg,256,256,Suitcase,94,9,248,138
409700_normal_img.jpg,256,256,Person,1,0,122,238
409701_horizontal_img.jpg,256,256,Person,134,0,255,238
409701_scale_img.jpg,256,256,Person,1,0,127,256
409702_brightness_img.jpg,256,256,Person,1,0,122,238
409703_noise_gauss_img.jpg,256,256,Person,1,0,122,238
409704_shear_img.jpg,256,256,Person,3,0,149,238
409705_hsv_img.jpg,256,256,Person,1,0,122,238
409706_seq_img.jpg,256,256,Person,145,0,256,256
409700_normal_img.jpg,256,256,Laptop,0,0,197,192
409701_horizontal_img.jpg,256,256,Laptop,59,0,256,192
409701_scale_img.jpg,256,256,Laptop,0,0,212,190
409702_brightness_img.jpg,256,256,Laptop,22,0,164,191
409703_noise_s&p_img.jpg,256,256,Laptop,0,0,201,174
409704_shear_img.jpg,256,256,Laptop,0,0,174,197
409705_hsv_img.jpg,256,256,Laptop,0,0,188,147
409706_seq_img.jpg,256,256,Laptop,46,0,194,223
409700_normal_img.jpg,256,256,Laptop,32,9,129,147
409701_horizontal_img.jpg,256,256,Laptop,127,9,224,147
409701_scale_img.jpg,256,256,Laptop,25,8,107,151
409702_brightness_img.jpg,256,256,Laptop,0,0,142,154
409703_noise_s&p_img.jpg,256,256,Laptop,0,0,150,149
409704_shear_img.jpg,256,256,Laptop,16,10,165,147
409705_hsv_img.jpg,256,256,Laptop,16,0,129,150
409706_seq_img.jpg,256,256,Laptop,118,0,256,175
409700_normal_img.jpg,256,256,Backpack,0,35,166,145
409701_horizontal_img.jpg,256,256,Backpack,90,35,256,145
409701_scale_img.jpg,256,256,Backpack,49,0,135,135
409702_brightness_img.jpg,256,256,Backpack,0,32,164,145
409703_noise_gauss_img.jpg,256,256,Backpack,1,49,161,145
409704_shear_img.jpg,256,256,Backpack,56,0,178,164
409705_hsv_img.jpg,256,256,Backpack,48,0,161,164
409706_seq_img.jpg,256,256,Backpack,12,48,196,170
409700_normal_img.jpg,256,256,Backpack,0,18,215,144
409701_horizontal_img.jpg,256,256,Backpack,41,18,256,144
409701_scale_img.jpg,256,256,Backpack,40,0,182,216
409702_brightness_img.jpg,256,256,Backpack,2,0,173,186
409703_noise_s&p_img.jpg,256,256,Backpack,0,0,182,175
409704_shear_img.jpg,256,256,Backpack,22,0,211,155
409705_hsv_img.jpg,256,256,Backpack,0,0,178,179
409706_seq_img.jpg,256,256,Backpack,31,0,210,245
409700_normal_img.jpg,256,256,Backpack,48,13,163,124
409701_horizontal_img.jpg,256,256,Backpack,93,13,208,124
409701_scale_img.jpg,256,256,Backpack,40,38,159,102
409702_brightness_img.jpg,256,256,Backpack,93,5,163,124
409703_noise_s&p_img.jpg,256,256,Backpack,42,31,163,124
409704_shear_img.jpg,256,256,Backpack,39,34,162,124
409705_hsv_img.jpg,256,256,Backpack,86,4,163,124
409706_seq_img.jpg,256,256,Backpack,96,4,195,142
409700_normal_img.jpg,256,256,Backpack,0,0,76,114
409700_normal_img.jpg,256,256,Backpack,51,70,230,230
409701_horizontal_img.jpg,256,256,Backpack,180,0,256,114
409701_horizontal_img.jpg,256,256,Backpack,26,70,205,230
409701_scale_img.jpg,256,256,Backpack,0,0,75,134
409701_scale_img.jpg,256,256,Backpack,49,71,205,256
409702_brightness_img.jpg,256,256,Backpack,0,0,123,108
409702_brightness_img.jpg,256,256,Backpack,69,50,230,230
409703_noise_s&p_img.jpg,256,256,Backpack,0,0,120,114
409703_noise_s&p_img.jpg,256,256,Backpack,116,47,230,230
409704_shear_img.jpg,256,256,Backpack,0,0,95,120
409704_shear_img.jpg,256,256,Backpack,50,71,229,230
409705_hsv_img.jpg,256,256,Backpack,0,0,103,124
409705_hsv_img.jpg,256,256,Backpack,125,49,230,230
409706_seq_img.jpg,256,256,Backpack,148,0,238,89
409706_seq_img.jpg,256,256,Backpack,32,53,179,256
409700_normal_img.jpg,256,256,Backpack,0,0,167,153
409701_horizontal_img.jpg,256,256,Backpack,89,0,256,153
409701_scale_img.jpg,256,256,Backpack,0,0,183,133
409702_brightness_img.jpg,256,256,Backpack,0,0,165,154
409703_noise_s&p_img.jpg,256,256,Backpack,0,0,154,128
409704_shear_img.jpg,256,256,Backpack,12,0,165,142
409705_hsv_img.jpg,256,256,Backpack,0,0,152,169
409706_seq_img.jpg,256,256,Backpack,25,0,169,195
409700_normal_img.jpg,256,256,Watch,101,127,151,165
409701_horizontal_img.jpg,256,256,Watch,105,127,155,165
409701_scale_img.jpg,256,256,Watch,126,131,175,176
409702_brightness_img.jpg,256,256,Watch,101,128,151,165
409703_noise_s&p_img.jpg,256,256,Watch,110,124,151,165
409704_shear_img.jpg,256,256,Watch,101,128,150,165
409705_hsv_img.jpg,256,256,Watch,102,128,151,165
409706_seq_img.jpg,256,256,Watch,125,142,174,193
409700_normal_img.jpg,256,256,Backpack,0,0,153,130
409700_normal_img.jpg,256,256,Backpack,129,123,230,230
409701_horizontal_img.jpg,256,256,Backpack,103,0,256,130
409701_horizontal_img.jpg,256,256,Backpack,26,123,127,230
409701_scale_img.jpg,256,256,Backpack,0,0,147,175
409701_scale_img.jpg,256,256,Backpack,137,141,244,256
409702_brightness_img.jpg,256,256,Backpack,0,0,132,150
409702_brightness_img.jpg,256,256,Backpack,123,129,230,230
409703_noise_s&p_img.jpg,256,256,Backpack,0,0,115,148
409703_noise_s&p_img.jpg,256,256,Backpack,120,140,230,230
409704_shear_img.jpg,256,256,Backpack,10,0,109,139
409704_shear_img.jpg,256,256,Backpack,114,148,219,230
409705_hsv_img.jpg,256,256,Backpack,0,0,126,150
409705_hsv_img.jpg,256,256,Backpack,123,129,230,230
409706_seq_img.jpg,256,256,Backpack,136,0,256,117
409706_seq_img.jpg,256,256,Backpack,26,141,124,256
409700_normal_img.jpg,256,256,Backpack,36,31,159,142
409701_horizontal_img.jpg,256,256,Backpack,97,31,220,142
409701_scale_img.jpg,256,256,Backpack,35,43,170,155
409702_brightness_img.jpg,256,256,Backpack,34,45,159,142
409703_noise_gauss_img.jpg,256,256,Backpack,31,3,159,142
409704_shear_img.jpg,256,256,Backpack,49,64,161,142
409705_hsv_img.jpg,256,256,Backpack,34,28,159,142
409706_seq_img.jpg,256,256,Backpack,79,23,188,158
409700_normal_img.jpg,256,256,Backpack,0,0,163,119
409700_normal_img.jpg,256,256,Backpack,140,80,230,230
409701_horizontal_img.jpg,256,256,Backpack,93,0,256,119
409701_horizontal_img.jpg,256,256,Backpack,26,80,116,230
409701_scale_img.jpg,256,256,Backpack,0,0,155,143
409701_scale_img.jpg,256,256,Backpack,111,87,199,256
409702_brightness_img.jpg,256,256,Backpack,0,0,170,139
409702_brightness_img.jpg,256,256,Backpack,137,83,230,230
409703_noise_gauss_img.jpg,256,256,Backpack,0,0,180,128
409704_shear_img.jpg,256,256,Backpack,0,0,126,165
409704_shear_img.jpg,256,256,Backpack,78,99,229,230
409705_hsv_img.jpg,256,256,Backpack,0,0,176,134
409705_hsv_img.jpg,256,256,Backpack,78,94,230,230
409706_seq_img.jpg,256,256,Backpack,101,0,243,137
409706_seq_img.jpg,256,256,Backpack,34,82,163,256
409700_normal_img.jpg,256,256,Backpack,37,0,144,164
409701_horizontal_img.jpg,256,256,Backpack,112,0,219,164
409701_scale_img.jpg,256,256,Backpack,27,0,155,133
409702_brightness_img.jpg,256,256,Backpack,15,0,144,166
409703_noise_s&p_img.jpg,256,256,Backpack,0,2,155,161
409704_shear_img.jpg,256,256,Backpack,12,44,173,161
409705_hsv_img.jpg,256,256,Backpack,0,40,169,161
409706_seq_img.jpg,256,256,Backpack,105,78,248,186
409700_normal_img.jpg,256,256,Backpack,44,19,166,170
409701_horizontal_img.jpg,256,256,Backpack,90,19,212,170
409701_scale_img.jpg,256,256,Backpack,27,32,154,141
409702_brightness_img.jpg,256,256,Backpack,15,74,166,170
409703_noise_s&p_img.jpg,256,256,Backpack,24,81,166,170
409704_shear_img.jpg,256,256,Backpack,22,40,166,170
409705_hsv_img.jpg,256,256,Backpack,13,61,166,170
409706_seq_img.jpg,256,256,Backpack,98,63,247,192
409700_normal_img.jpg,256,256,Backpack,87,50,165,163
409701_horizontal_img.jpg,256,256,Backpack,91,50,169,163
409701_scale_img.jpg,256,256,Backpack,49,95,183,194
409702_brightness_img.jpg,256,256,Backpack,44,81,165,163
409703_noise_s&p_img.jpg,256,256,Backpack,55,64,165,163
409704_shear_img.jpg,256,256,Backpack,51,73,164,163
409705_hsv_img.jpg,256,256,Backpack,80,42,165,163
409706_seq_img.jpg,256,256,Backpack,100,63,212,194
409700_normal_img.jpg,256,256,Backpack,39,0,156,177
409701_horizontal_img.jpg,256,256,Backpack,100,0,217,177
409701_scale_img.jpg,256,256,Backpack,18,0,147,189
409702_brightness_img.jpg,256,256,Backpack,0,47,173,148
409703_noise_s&p_img.jpg,256,256,Backpack,0,31,179,148
409704_shear_img.jpg,256,256,Backpack,5,14,182,148
409705_hsv_img.jpg,256,256,Backpack,32,0,156,180
409706_seq_img.jpg,256,256,Backpack,12,11,207,168
409700_normal_img.jpg,256,256,Bottle,0,69,175,153
409701_horizontal_img.jpg,256,256,Bottle,81,69,256,153
409701_scale_img.jpg,256,256,Bottle,44,0,194,193
409702_brightness_img.jpg,256,256,Bottle,0,84,172,153
409703_noise_s&p_img.jpg,256,256,Bottle,0,61,174,153
409704_shear_img.jpg,256,256,Bottle,4,54,171,153
409705_hsv_img.jpg,256,256,Bottle,0,54,174,153
409706_seq_img.jpg,256,256,Bottle,89,82,244,175
409700_normal_img.jpg,256,256,Bottle,50,0,161,186
409701_horizontal_img.jpg,256,256,Bottle,95,0,206,186
409701_scale_img.jpg,256,256,Bottle,59,0,151,185
409702_brightness_img.jpg,256,256,Bottle,0,21,173,151
409703_noise_s&p_img.jpg,256,256,Bottle,0,77,211,151
409704_shear_img.jpg,256,256,Bottle,71,0,164,203
409705_hsv_img.jpg,256,256,Bottle,0,87,212,151
409706_seq_img.jpg,256,256,Bottle,98,0,208,223
409700_normal_img.jpg,256,256,Watch,114,140,150,173
409701_horizontal_img.jpg,256,256,Watch,106,140,142,173
409701_scale_img.jpg,256,256,Watch,101,159,127,199
409702_brightness_img.jpg,256,256,Watch,114,140,150,173
409703_noise_s&p_img.jpg,256,256,Watch,114,142,150,173
409704_shear_img.jpg,256,256,Watch,123,135,152,173
409705_hsv_img.jpg,256,256,Watch,114,138,150,173
409706_seq_img.jpg,256,256,Watch,117,166,159,206
409700_normal_img.jpg,256,256,Watch,116,78,153,129
409700_normal_img.jpg,256,256,Watch,0,0,43,55
409701_horizontal_img.jpg,256,256,Watch,103,78,140,129
409701_horizontal_img.jpg,256,256,Watch,213,0,256,55
409701_scale_img.jpg,256,256,Watch,96,94,142,125
409701_scale_img.jpg,256,256,Watch,0,0,39,55
409702_brightness_img.jpg,256,256,Watch,102,95,153,129
409702_brightness_img.jpg,256,256,Watch,0,0,43,56
409703_noise_s&p_img.jpg,256,256,Watch,119,89,153,129
409703_noise_s&p_img.jpg,256,256,Watch,0,0,38,57
409704_shear_img.jpg,256,256,Watch,109,90,147,129
409704_shear_img.jpg,256,256,Watch,0,0,41,43
409705_hsv_img.jpg,256,256,Watch,103,91,153,129
409705_hsv_img.jpg,256,256,Watch,0,0,56,36
409706_seq_img.jpg,256,256,Watch,113,113,167,152
409706_seq_img.jpg,256,256,Watch,219,0,256,43
409700_normal_img.jpg,256,256,Bottle,0,16,147,150
409701_horizontal_img.jpg,256,256,Bottle,109,16,256,150
409701_scale_img.jpg,256,256,Bottle,10,0,140,175
409702_brightness_img.jpg,256,256,Bottle,45,0,135,165
409703_noise_s&p_img.jpg,256,256,Bottle,58,0,135,165
409704_shear_img.jpg,256,256,Bottle,0,32,154,150
409705_hsv_img.jpg,256,256,Bottle,66,0,135,165
409706_seq_img.jpg,256,256,Bottle,118,0,245,180
409700_normal_img.jpg,256,256,Watch,101,134,151,174
409700_normal_img.jpg,256,256,Watch,40,11,86,47
409701_horizontal_img.jpg,256,256,Watch,105,134,155,174
409701_horizontal_img.jpg,256,256,Watch,170,11,216,47
409701_scale_img.jpg,256,256,Watch,86,106,123,150
409701_scale_img.jpg,256,256,Watch,32,9,70,40
409702_brightness_img.jpg,256,256,Watch,111,122,151,174
409702_brightness_img.jpg,256,256,Watch,48,4,86,47
409703_noise_gauss_img.jpg,256,256,Watch,91,114,151,174
409704_shear_img.jpg,256,256,Watch,110,125,153,174
409704_shear_img.jpg,256,256,Watch,35,5,79,47
409705_hsv_img.jpg,256,256,Watch,111,122,151,174
409705_hsv_img.jpg,256,256,Watch,46,7,86,47
409706_seq_img.jpg,256,256,Watch,120,139,170,196
409706_seq_img.jpg,256,256,Watch,180,1,223,53
409700_normal_img.jpg,256,256,Bottle,69,3,136,165
409700_normal_img.jpg,256,256,Watch,0,5,40,51
409701_horizontal_img.jpg,256,256,Bottle,120,3,187,165
409701_horizontal_img.jpg,256,256,Watch,216,5,256,51
409701_scale_img.jpg,256,256,Bottle,0,65,180,196
409701_scale_img.jpg,256,256,Watch,0,9,50,60
409702_brightness_img.jpg,256,256,Bottle,0,52,154,165
409702_brightness_img.jpg,256,256,Watch,0,4,42,51
409703_noise_gauss_img.jpg,256,256,Bottle,0,2,151,165
409704_shear_img.jpg,256,256,Bottle,5,105,159,165
409704_shear_img.jpg,256,256,Watch,12,6,56,51
409705_hsv_img.jpg,256,256,Bottle,0,63,159,165
409705_hsv_img.jpg,256,256,Watch,0,7,45,51
409706_seq_img.jpg,256,256,Bottle,129,2,230,185
409700_normal_img.jpg,256,256,Watch,117,141,177,162
409701_horizontal_img.jpg,256,256,Watch,79,141,139,162
409701_scale_img.jpg,256,256,Watch,150,122,202,165
409702_brightness_img.jpg,256,256,Watch,152,105,177,162
409703_noise_gauss_img.jpg,256,256,Watch,126,112,177,162
409704_shear_img.jpg,256,256,Watch,117,128,167,162
409705_hsv_img.jpg,256,256,Watch,144,107,177,162
409706_seq_img.jpg,256,256,Watch,132,141,188,180
409700_normal_img.jpg,256,256,Bottle,0,16,187,150
409701_horizontal_img.jpg,256,256,Bottle,69,16,256,150
409701_scale_img.jpg,256,256,Bottle,0,0,174,206
409702_brightness_img.jpg,256,256,Bottle,36,0,151,190
409703_noise_gauss_img.jpg,256,256,Bottle,0,11,194,150
409704_shear_img.jpg,256,256,Bottle,7,0,164,178
409705_hsv_img.jpg,256,256,Bottle,60,0,151,191
409706_seq_img.jpg,256,256,Bottle,123,0,238,222
409700_normal_img.jpg,256,256,Backpack,38,17,166,144
409701_horizontal_img.jpg,256,256,Backpack,90,17,218,144
409701_scale_img.jpg,256,256,Backpack,16,38,151,127
409702_brightness_img.jpg,256,256,Backpack,46,6,166,144
409703_noise_s&p_img.jpg,256,256,Backpack,57,0,166,145
409704_shear_img.jpg,256,256,Backpack,54,12,181,144
409705_hsv_img.jpg,256,256,Backpack,43,10,166,144
409706_seq_img.jpg,256,256,Backpack,100,47,256,165
409700_normal_img.jpg,256,256,Handbag,61,49,137,142
409701_horizontal_img.jpg,256,256,Handbag,119,49,195,142
409701_scale_img.jpg,256,256,Handbag,34,46,113,129
409702_brightness_img.jpg,256,256,Handbag,47,48,137,142
409703_noise_gauss_img.jpg,256,256,Handbag,49,44,137,142
409704_shear_img.jpg,256,256,Handbag,42,52,136,142
409705_hsv_img.jpg,256,256,Handbag,51,72,137,142
409706_seq_img.jpg,256,256,Handbag,51,57,161,164
409700_normal_img.jpg,256,256,Watch,117,75,159,116
409701_horizontal_img.jpg,256,256,Watch,97,75,139,116
409701_scale_img.jpg,256,256,Watch,129,86,185,134
409702_brightness_img.jpg,256,256,Watch,116,69,159,116
409703_noise_gauss_img.jpg,256,256,Watch,103,60,159,116
409704_shear_img.jpg,256,256,Watch,112,72,155,116
409705_hsv_img.jpg,256,256,Watch,115,71,159,116
409706_seq_img.jpg,256,256,Watch,125,83,171,129
409700_normal_img.jpg,256,256,Handbag,91,31,171,146
409701_horizontal_img.jpg,256,256,Handbag,85,31,165,146
409701_scale_img.jpg,256,256,Handbag,78,35,146,165
409702_brightness_img.jpg,256,256,Handbag,59,63,171,146
409703_noise_gauss_img.jpg,256,256,Handbag,58,49,171,146
409704_shear_img.jpg,256,256,Handbag,78,44,169,146
409705_hsv_img.jpg,256,256,Handbag,90,37,171,146
409706_seq_img.jpg,256,256,Handbag,96,77,217,168
409700_normal_img.jpg,256,256,Handbag,0,0,93,77
409700_normal_img.jpg,256,256,Handbag,118,106,230,230
409701_horizontal_img.jpg,256,256,Handbag,163,0,256,77
409701_horizontal_img.jpg,256,256,Handbag,26,106,138,230
409701_scale_img.jpg,256,256,Handbag,0,0,100,69
409701_scale_img.jpg,256,256,Handbag,121,87,233,189
409702_brightness_img.jpg,256,256,Handbag,0,0,100,82
409702_brightness_img.jpg,256,256,Handbag,138,117,230,230
409703_noise_gauss_img.jpg,256,256,Handbag,0,0,108,99
409704_shear_img.jpg,256,256,Handbag,24,0,109,100
409704_shear_img.jpg,256,256,Handbag,107,117,215,230
409705_hsv_img.jpg,256,256,Handbag,0,0,93,80
409705_hsv_img.jpg,256,256,Handbag,112,118,230,230
409706_seq_img.jpg,256,256,Handbag,0,0,89,102
409706_seq_img.jpg,256,256,Handbag,142,129,256,254
409700_normal_img.jpg,256,256,Suitcase,0,0,165,131
409701_horizontal_img.jpg,256,256,Suitcase,91,0,256,131
409701_scale_img.jpg,256,256,Suitcase,0,0,163,168
409702_brightness_img.jpg,256,256,Suitcase,0,0,165,159
409703_noise_gauss_img.jpg,256,256,Suitcase,0,0,176,191
409704_shear_img.jpg,256,256,Suitcase,1,0,160,165
409705_hsv_img.jpg,256,256,Suitcase,0,0,144,159
409706_seq_img.jpg,256,256,Suitcase,80,0,250,190
409700_normal_img.jpg,256,256,Watch,90,140,132,178
409701_horizontal_img.jpg,256,256,Watch,124,140,166,178
409701_scale_img.jpg,256,256,Watch,93,120,129,165
409702_brightness_img.jpg,256,256,Watch,95,129,132,178
409703_noise_gauss_img.jpg,256,256,Watch,78,123,132,178
409704_shear_img.jpg,256,256,Watch,95,131,137,178
409705_hsv_img.jpg,256,256,Watch,94,131,132,178
409706_seq_img.jpg,256,256,Watch,147,159,203,204
409700_normal_img.jpg,256,256,Handbag,0,0,90,83
409700_normal_img.jpg,256,256,Bottle,116,42,230,230
409701_horizontal_img.jpg,256,256,Handbag,166,0,256,83
409701_horizontal_img.jpg,256,256,Bottle,26,42,140,230
409701_scale_img.jpg,256,256,Handbag,0,0,82,89
409701_scale_img.jpg,256,256,Bottle,80,58,218,256
409702_brightness_img.jpg,256,256,Handbag,0,7,86,76
409702_brightness_img.jpg,256,256,Bottle,117,41,230,230
409703_noise_s&p_img.jpg,256,256,Handbag,0,0,79,93
409703_noise_s&p_img.jpg,256,256,Bottle,40,134,230,230
409704_shear_img.jpg,256,256,Handbag,0,0,80,88
409704_shear_img.jpg,256,256,Bottle,116,40,229,230
409705_hsv_img.jpg,256,256,Handbag,8,0,76,89
409705_hsv_img.jpg,256,256,Bottle,43,105,230,230
409706_seq_img.jpg,256,256,Handbag,0,0,99,106
409706_seq_img.jpg,256,256,Bottle,77,69,256,256
409700_normal_img.jpg,256,256,Handbag,0,29,143,169
409701_horizontal_img.jpg,256,256,Handbag,113,29,256,169
409701_scale_img.jpg,256,256,Handbag,0,29,162,187
409702_brightness_img.jpg,256,256,Handbag,0,28,143,169
409703_noise_s&p_img.jpg,256,256,Handbag,3,55,137,169
409704_shear_img.jpg,256,256,Handbag,21,58,148,169
409705_hsv_img.jpg,256,256,Handbag,6,57,137,169
409706_seq_img.jpg,256,256,Handbag,4,61,154,202
409700_normal_img.jpg,256,256,Bottle,0,44,179,175
409701_horizontal_img.jpg,256,256,Bottle,77,44,256,175
409701_scale_img.jpg,256,256,Bottle,89,0,188,206
409702_brightness_img.jpg,256,256,Bottle,0,49,180,175
409703_noise_s&p_img.jpg,256,256,Bottle,101,1,172,175
409704_shear_img.jpg,256,256,Bottle,12,45,184,175
409705_hsv_img.jpg,256,256,Bottle,37,0,172,179
409706_seq_img.jpg,256,256,Bottle,88,10,255,202
409700_normal_img.jpg,256,256,Suitcase,0,0,127,152
409701_horizontal_img.jpg,256,256,Suitcase,129,0,256,152
409701_scale_img.jpg,256,256,Suitcase,0,0,183,172
409702_brightness_img.jpg,256,256,Suitcase,0,0,158,162
409703_noise_gauss_img.jpg,256,256,Suitcase,0,0,172,148
409704_shear_img.jpg,256,256,Suitcase,20,4,166,128
409705_hsv_img.jpg,256,256,Suitcase,0,0,134,153
409706_seq_img.jpg,256,256,Suitcase,1,0,184,164
409700_normal_img.jpg,256,256,Person,60,0,173,209
409701_horizontal_img.jpg,256,256,Person,83,0,196,209
409701_scale_img.jpg,256,256,Person,71,0,206,172
409702_brightness_img.jpg,256,256,Person,60,0,173,209
409703_noise_gauss_img.jpg,256,256,Person,60,0,173,209
409704_shear_img.jpg,256,256,Person,56,0,174,209
409705_hsv_img.jpg,256,256,Person,60,0,173,209
409706_seq_img.jpg,256,256,Person,62,0,198,241
409700_normal_img.jpg,256,256,Watch,105,92,141,123
409701_horizontal_img.jpg,256,256,Watch,115,92,151,123
409701_scale_img.jpg,256,256,Watch,102,108,135,144
409702_brightness_img.jpg,256,256,Watch,111,87,141,123
409703_noise_s&p_img.jpg,256,256,Watch,111,89,141,123
409704_shear_img.jpg,256,256,Watch,111,91,144,123
409705_hsv_img.jpg,256,256,Watch,110,90,141,123
409706_seq_img.jpg,256,256,Watch,123,107,164,140
409700_normal_img.jpg,256,256,Laptop,14,60,166,172
409701_horizontal_img.jpg,256,256,Laptop,90,60,242,172
409701_scale_img.jpg,256,256,Laptop,15,48,178,139
409702_brightness_img.jpg,256,256,Laptop,44,20,166,172
409703_noise_s&p_img.jpg,256,256,Laptop,34,35,166,172
409704_shear_img.jpg,256,256,Laptop,21,70,165,172
409705_hsv_img.jpg,256,256,Laptop,24,36,166,172
409706_seq_img.jpg,256,256,Laptop,44,41,188,197
409700_normal_img.jpg,256,256,Handbag,51,4,155,116
409701_horizontal_img.jpg,256,256,Handbag,101,4,205,116
409701_scale_img.jpg,256,256,Handbag,41,9,155,105
409702_brightness_img.jpg,256,256,Handbag,42,13,155,116
409703_noise_gauss_img.jpg,256,256,Handbag,30,0,155,129
409704_shear_img.jpg,256,256,Handbag,34,18,157,116
409705_hsv_img.jpg,256,256,Handbag,55,3,155,116
409706_seq_img.jpg,256,256,Handbag,70,0,187,148
409700_normal_img.jpg,256,256,Backpack,58,37,172,128
409700_normal_img.jpg,256,256,Handbag,0,0,102,97
409701_horizontal_img.jpg,256,256,Backpack,84,37,198,128
409701_horizontal_img.jpg,256,256,Handbag,154,0,256,97
409701_scale_img.jpg,256,256,Backpack,35,51,142,140
409701_scale_img.jpg,256,256,Handbag,0,0,80,109
409702_brightness_img.jpg,256,256,Backpack,90,0,172,128
409702_brightness_img.jpg,256,256,Handbag,0,0,101,98
409703_noise_gauss_img.jpg,256,256,Backpack,69,0,172,138
409704_shear_img.jpg,256,256,Backpack,63,15,163,128
409704_shear_img.jpg,256,256,Handbag,0,0,98,97
409705_hsv_img.jpg,256,256,Backpack,91,7,172,128
409705_hsv_img.jpg,256,256,Handbag,0,1,110,102
409706_seq_img.jpg,256,256,Backpack,99,22,221,141
409706_seq_img.jpg,256,256,Handbag,180,0,256,124
409700_normal_img.jpg,256,256,Person,25,0,134,200
409701_horizontal_img.jpg,256,256,Person,122,0,231,200
409701_scale_img.jpg,256,256,Person,22,0,122,177
409702_brightness_img.jpg,256,256,Person,25,0,134,200
409703_noise_gauss_img.jpg,256,256,Person,25,0,134,200
409704_shear_img.jpg,256,256,Person,31,0,159,200
409705_hsv_img.jpg,256,256,Person,25,0,134,200
409706_seq_img.jpg,256,256,Person,27,0,163,230
409700_normal_img.jpg,256,256,Handbag,9,22,149,139
409701_horizontal_img.jpg,256,256,Handbag,107,22,247,139
409701_scale_img.jpg,256,256,Handbag,15,28,146,128
409702_brightness_img.jpg,256,256,Handbag,22,17,149,139
409703_noise_s&p_img.jpg,256,256,Handbag,31,42,149,139
409704_shear_img.jpg,256,256,Handbag,39,15,168,139
409705_hsv_img.jpg,256,256,Handbag,6,19,149,139
409706_seq_img.jpg,256,256,Handbag,20,36,170,165
409700_normal_img.jpg,256,256,Handbag,26,54,128,175
409701_horizontal_img.jpg,256,256,Handbag,128,54,230,175
409701_scale_img.jpg,256,256,Handbag,5,90,146,200
409702_brightness_img.jpg,256,256,Handbag,28,69,128,175
409703_noise_s&p_img.jpg,256,256,Handbag,16,76,128,175
409704_shear_img.jpg,256,256,Handbag,31,58,128,175
409705_hsv_img.jpg,256,256,Handbag,22,69,128,175
409706_seq_img.jpg,256,256,Handbag,37,66,149,192
409700_normal_img.jpg,256,256,Handbag,0,0,87,136
409700_normal_img.jpg,256,256,Person,130,43,230,230
409701_horizontal_img.jpg,256,256,Handbag,169,0,256,136
409701_horizontal_img.jpg,256,256,Person,26,43,126,230
409701_scale_img.jpg,256,256,Handbag,0,0,127,139
409701_scale_img.jpg,256,256,Person,155,50,256,256
409702_brightness_img.jpg,256,256,Handbag,0,0,96,130
409702_brightness_img.jpg,256,256,Person,130,43,230,230
409703_noise_gauss_img.jpg,256,256,Handbag,0,0,153,152
409704_shear_img.jpg,256,256,Handbag,0,0,105,129
409704_shear_img.jpg,256,256,Person,117,43,229,230
409705_hsv_img.jpg,256,256,Handbag,0,0,118,112
409705_hsv_img.jpg,256,256,Person,130,43,230,230
409706_seq_img.jpg,256,256,Handbag,157,0,256,122
409706_seq_img.jpg,256,256,Person,28,47,150,254
409700_normal_img.jpg,256,256,Bottle,60,0,146,189
409701_horizontal_img.jpg,256,256,Bottle,110,0,196,189
409701_scale_img.jpg,256,256,Bottle,0,68,212,164
409702_brightness_img.jpg,256,256,Bottle,99,0,146,198
409703_noise_s&p_img.jpg,256,256,Bottle,0,122,199,172
409704_shear_img.jpg,256,256,Bottle,7,50,182,172
409705_hsv_img.jpg,256,256,Bottle,16,0,146,177
409706_seq_img.jpg,256,256,Bottle,109,0,229,223
409700_normal_img.jpg,256,256,Suitcase,0,0,159,148
409701_horizontal_img.jpg,256,256,Suitcase,97,0,256,148
409701_scale_img.jpg,256,256,Suitcase,0,0,137,171
409702_brightness_img.jpg,256,256,Suitcase,0,0,154,137
409703_noise_s&p_img.jpg,256,256,Suitcase,0,0,159,149
409704_shear_img.jpg,256,256,Suitcase,0,0,164,155
409705_hsv_img.jpg,256,256,Suitcase,0,0,156,145
409706_seq_img.jpg,256,256,Suitcase,107,0,256,197
409700_normal_img.jpg,256,256,Handbag,6,63,117,173
409701_horizontal_img.jpg,256,256,Handbag,139,63,250,173
409701_scale_img.jpg,256,256,Handbag,9,60,106,188
409702_brightness_img.jpg,256,256,Handbag,0,68,120,173
409703_noise_s&p_img.jpg,256,256,Handbag,6,63,117,173
409704_shear_img.jpg,256,256,Handbag,2,72,122,173
409705_hsv_img.jpg,256,256,Handbag,25,54,117,173
409706_seq_img.jpg,256,256,Handbag,5,76,146,197
409700_normal_img.jpg,256,256,Suitcase,0,0,130,166
409701_horizontal_img.jpg,256,256,Suitcase,126,0,256,166
409701_scale_img.jpg,256,256,Suitcase,0,0,154,160
409702_brightness_img.jpg,256,256,Suitcase,0,0,158,149
409703_noise_gauss_img.jpg,256,256,Suitcase,0,0,148,168
409704_shear_img.jpg,256,256,Suitcase,18,0,197,166
409705_hsv_img.jpg,256,256,Suitcase,0,0,167,133
409706_seq_img.jpg,256,256,Suitcase,78,0,250,192
409700_normal_img.jpg,256,256,Handbag,57,48,143,123
409701_horizontal_img.jpg,256,256,Handbag,113,48,199,123
409701_scale_img.jpg,256,256,Handbag,47,32,121,104
409702_brightness_img.jpg,256,256,Handbag,73,40,143,123
409703_noise_s&p_img.jpg,256,256,Handbag,78,41,143,123
409704_shear_img.jpg,256,256,Handbag,65,38,140,123
409705_hsv_img.jpg,256,256,Handbag,64,36,143,123
409706_seq_img.jpg,256,256,Handbag,128,43,231,144
409700_normal_img.jpg,256,256,Watch,106,92,152,150
409701_horizontal_img.jpg,256,256,Watch,104,92,150,150
409701_scale_img.jpg,256,256,Watch,83,102,137,144
409702_brightness_img.jpg,256,256,Watch,105,95,152,150
409703_noise_s&p_img.jpg,256,256,Watch,112,92,152,150
409704_shear_img.jpg,256,256,Watch,104,104,151,150
409705_hsv_img.jpg,256,256,Watch,112,92,152,150
409706_seq_img.jpg,256,256,Watch,117,124,178,174
409700_normal_img.jpg,256,256,Laptop,0,0,138,184
409700_normal_img.jpg,256,256,Handbag,93,115,230,230
409701_horizontal_img.jpg,256,256,Laptop,118,0,256,184
409701_horizontal_img.jpg,256,256,Handbag,26,115,163,230
409701_scale_img.jpg,256,256,Laptop,0,0,131,156
409701_scale_img.jpg,256,256,Handbag,109,81,225,191
409702_brightness_img.jpg,256,256,Laptop,0,0,138,185
409702_brightness_img.jpg,256,256,Handbag,94,95,230,230
409703_noise_gauss_img.jpg,256,256,Laptop,0,0,182,115
409704_shear_img.jpg,256,256,Laptop,14,0,136,167
409704_shear_img.jpg,256,256,Handbag,94,98,218,230
409705_hsv_img.jpg,256,256,Laptop,0,0,136,186
409705_hsv_img.jpg,256,256,Handbag,93,85,230,230
409706_seq_img.jpg,256,256,Laptop,139,0,250,202
409706_seq_img.jpg,256,256,Handbag,36,94,188,255
409700_normal_img.jpg,256,256,Handbag,44,40,148,142
409701_horizontal_img.jpg,256,256,Handbag,108,40,212,142
409701_scale_img.jpg,256,256,Handbag,41,52,131,156
409702_brightness_img.jpg,256,256,Handbag,49,41,148,142
409703_noise_gauss_img.jpg,256,256,Handbag,33,20,148,142
409704_shear_img.jpg,256,256,Handbag,44,39,147,142
409705_hsv_img.jpg,256,256,Handbag,52,48,148,142
409706_seq_img.jpg,256,256,Handbag,56,62,172,168
409700_normal_img.jpg,256,256,Person,16,0,119,191
409701_horizontal_img.jpg,256,256,Person,137,0,240,191
409701_scale_img.jpg,256,256,Person,13,0,101,227
409702_brightness_img.jpg,256,256,Person,16,0,119,191
409703_noise_s&p_img.jpg,256,256,Person,16,0,119,191
409704_shear_img.jpg,256,256,Person,13,0,128,191
409705_hsv_img.jpg,256,256,Person,16,0,119,191
409706_seq_img.jpg,256,256,Person,131,0,252,227
409700_normal_img.jpg,256,256,Backpack,0,0,146,165
409700_normal_img.jpg,256,256,Handbag,103,107,230,230
409701_horizontal_img.jpg,256,256,Backpack,110,0,256,165
409701_horizontal_img.jpg,256,256,Handbag,26,107,153,230
409701_scale_img.jpg,256,256,Backpack,0,0,146,89
409701_scale_img.jpg,256,256,Handbag,95,89,202,210
409702_brightness_img.jpg,256,256,Backpack,0,0,101,168
409702_brightness_img.jpg,256,256,Handbag,109,98,230,230
409703_noise_gauss_img.jpg,256,256,Backpack,0,0,176,191
409704_shear_img.jpg,256,256,Backpack,0,0,126,171
409704_shear_img.jpg,256,256,Handbag,105,99,229,230
409705_hsv_img.jpg,256,256,Backpack,0,0,146,165
409705_hsv_img.jpg,256,256,Handbag,105,105,230,230
409706_seq_img.jpg,256,256,Backpack,0,0,187,143
409706_seq_img.jpg,256,256,Handbag,128,114,255,256
409700_normal_img.jpg,256,256,Watch,112,104,167,152
409700_normal_img.jpg,256,256,Bottle,0,0,131,112
409701_horizontal_img.jpg,256,256,Watch,89,104,144,152
409701_horizontal_img.jpg,256,256,Bottle,125,0,256,112
409701_scale_img.jpg,256,256,Watch,119,108,175,160
409701_scale_img.jpg,256,256,Bottle,0,0,147,100
409702_brightness_img.jpg,256,256,Watch,119,99,167,152
409702_brightness_img.jpg,256,256,Bottle,0,11,142,77
409703_noise_s&p_img.jpg,256,256,Watch,119,97,167,152
409703_noise_s&p_img.jpg,256,256,Bottle,0,0,78,143
409704_shear_img.jpg,256,256,Watch,111,103,164,152
409704_shear_img.jpg,256,256,Bottle,21,0,145,120
409705_hsv_img.jpg,256,256,Watch,113,103,167,152
409705_hsv_img.jpg,256,256,Bottle,0,0,134,108
409706_seq_img.jpg,256,256,Watch,105,115,161,180
409706_seq_img.jpg,256,256,Bottle,173,0,248,166
409700_normal_img.jpg,256,256,Handbag,48,70,138,148
409701_horizontal_img.jpg,256,256,Handbag,118,70,208,148
409701_scale_img.jpg,256,256,Handbag,39,74,112,164
409702_brightness_img.jpg,256,256,Handbag,51,63,138,148
409703_noise_gauss_img.jpg,256,256,Handbag,48,47,138,148
409704_shear_img.jpg,256,256,Handbag,43,90,138,148
409705_hsv_img.jpg,256,256,Handbag,41,81,138,148
409706_seq_img.jpg,256,256,Handbag,134,76,238,177
409700_normal_img.jpg,256,256,Bottle,105,37,164,155
409701_horizontal_img.jpg,256,256,Bottle,92,37,151,155
409701_scale_img.jpg,256,256,Bottle,49,58,133,148
409702_brightness_img.jpg,256,256,Bottle,45,103,164,155
409703_noise_gauss_img.jpg,256,256,Bottle,91,32,164,155
409704_shear_img.jpg,256,256,Bottle,49,86,164,155
409705_hsv_img.jpg,256,256,Bottle,105,37,164,155
409706_seq_img.jpg,256,256,Bottle,62,103,187,185
409700_normal_img.jpg,256,256,Suitcase,28,0,162,150
409701_horizontal_img.jpg,256,256,Suitcase,94,0,228,150
409701_scale_img.jpg,256,256,Suitcase,35,0,156,178
409702_brightness_img.jpg,256,256,Suitcase,1,5,162,129
409703_noise_gauss_img.jpg,256,256,Suitcase,7,4,162,129
409704_shear_img.jpg,256,256,Suitcase,8,0,161,133
409705_hsv_img.jpg,256,256,Suitcase,8,0,162,129
409706_seq_img.jpg,256,256,Suitcase,17,0,185,146
409700_normal_img.jpg,256,256,Backpack,91,20,175,124
409701_horizontal_img.jpg,256,256,Backpack,81,20,165,124
409701_scale_img.jpg,256,256,Backpack,81,33,209,99
409702_brightness_img.jpg,256,256,Backpack,93,17,175,124
409703_noise_gauss_img.jpg,256,256,Backpack,97,15,175,124
409704_shear_img.jpg,256,256,Backpack,86,26,173,124
409705_hsv_img.jpg,256,256,Backpack,76,39,175,124
409706_seq_img.jpg,256,256,Backpack,98,20,199,138
409700_normal_img.jpg,256,256,Person,0,0,118,221
409701_horizontal_img.jpg,256,256,Person,138,0,256,221
409701_scale_img.jpg,256,256,Person,0,0,105,184
409702_brightness_img.jpg,256,256,Person,0,0,118,221
409703_noise_gauss_img.jpg,256,256,Person,0,0,118,221
409704_shear_img.jpg,256,256,Person,0,0,119,221
409705_hsv_img.jpg,256,256,Person,0,0,118,221
409706_seq_img.jpg,256,256,Person,138,0,254,246
409700_normal_img.jpg,256,256,Suitcase,0,0,160,125
409701_horizontal_img.jpg,256,256,Suitcase,96,0,256,125
409701_scale_img.jpg,256,256,Suitcase,0,0,134,151
409702_noise_s&p_img.jpg,256,256,Suitcase,0,0,174,169
409703_shear_img.jpg,256,256,Suitcase,12,0,184,164
409704_hsv_img.jpg,256,256,Suitcase,0,0,167,177
409705_seq_img.jpg,256,256,Suitcase,113,0,256,185
409700_normal_img.jpg,256,256,Bottle,0,0,126,159
409700_normal_img.jpg,256,256,Suitcase,59,80,230,230
409701_horizontal_img.jpg,256,256,Bottle,130,0,256,159
409701_horizontal_img.jpg,256,256,Suitcase,26,80,197,230
409701_brightness_img.jpg,256,256,Bottle,0,4,169,76
409701_brightness_img.jpg,256,256,Suitcase,64,51,230,230
409702_noise_s&p_img.jpg,256,256,Bottle,0,0,153,140
409702_noise_s&p_img.jpg,256,256,Suitcase,64,92,230,230
409703_shear_img.jpg,256,256,Bottle,0,0,137,157
409703_shear_img.jpg,256,256,Suitcase,87,63,229,230
409704_hsv_img.jpg,256,256,Bottle,0,0,143,152
409704_hsv_img.jpg,256,256,Suitcase,94,67,230,230
409705_seq_img.jpg,256,256,Bottle,103,0,256,121
409705_seq_img.jpg,256,256,Suitcase,26,67,204,256
409700_normal_img.jpg,256,256,Person,44,0,168,235
409701_horizontal_img.jpg,256,256,Person,88,0,212,235
409701_brightness_img.jpg,256,256,Person,44,0,168,235
409702_noise_gauss_img.jpg,256,256,Person,44,0,168,235
409703_shear_img.jpg,256,256,Person,38,0,175,235
409704_hsv_img.jpg,256,256,Person,44,0,168,235
409705_seq_img.jpg,256,256,Person,90,0,240,256
409700_normal_img.jpg,256,256,Handbag,79,43,159,118
409700_normal_img.jpg,256,256,Person,3,0,93,176
409701_horizontal_img.jpg,256,256,Handbag,97,43,177,118
409701_horizontal_img.jpg,256,256,Person,163,0,253,176
409701_scale_img.jpg,256,256,Handbag,70,57,135,129
409701_scale_img.jpg,256,256,Person,2,0,79,193
409702_brightness_img.jpg,256,256,Handbag,74,21,159,118
409702_brightness_img.jpg,256,256,Person,3,0,93,176
409703_noise_gauss_img.jpg,256,256,Handbag,71,38,159,118
409704_shear_img.jpg,256,256,Handbag,73,35,158,118
409704_shear_img.jpg,256,256,Person,2,0,92,176
409705_hsv_img.jpg,256,256,Handbag,83,52,159,118
409705_hsv_img.jpg,256,256,Person,3,0,93,176
409706_seq_img.jpg,256,256,Handbag,114,33,219,132
409706_seq_img.jpg,256,256,Person,170,0,256,198
409700_normal_img.jpg,256,256,Person,20,0,136,222
409701_horizontal_img.jpg,256,256,Person,120,0,236,222
409701_scale_img.jpg,256,256,Person,23,0,161,203
409702_brightness_img.jpg,256,256,Person,20,0,136,222
409703_noise_s&p_img.jpg,256,256,Person,20,0,136,222
409704_shear_img.jpg,256,256,Person,15,0,154,222
409705_hsv_img.jpg,256,256,Person,20,0,136,222
409706_seq_img.jpg,256,256,Person,122,0,256,256
409700_normal_img.jpg,256,256,Watch,109,145,149,173
409700_normal_img.jpg,256,256,Backpack,0,0,171,131
409701_horizontal_img.jpg,256,256,Watch,107,145,147,173
409701_horizontal_img.jpg,256,256,Backpack,85,0,256,131
409701_scale_img.jpg,256,256,Watch,93,152,124,180
409701_scale_img.jpg,256,256,Backpack,0,0,92,186
409702_brightness_img.jpg,256,256,Watch,114,143,149,173
409702_brightness_img.jpg,256,256,Backpack,0,0,172,121
409703_noise_gauss_img.jpg,256,256,Watch,111,133,149,173
409704_shear_img.jpg,256,256,Watch,122,133,148,173
409704_shear_img.jpg,256,256,Backpack,4,0,119,179
409705_hsv_img.jpg,256,256,Watch,121,133,149,173
409705_hsv_img.jpg,256,256,Backpack,0,0,113,183
409706_seq_img.jpg,256,256,Watch,123,168,165,197
409706_seq_img.jpg,256,256,Backpack,77,0,247,169
409700_normal_img.jpg,256,256,Bottle,7,121,146,171
409701_horizontal_img.jpg,256,256,Bottle,110,121,249,171
409701_scale_img.jpg,256,256,Bottle,95,31,161,163
409702_brightness_img.jpg,256,256,Bottle,43,48,146,171
409703_noise_s&p_img.jpg,256,256,Bottle,59,36,146,171
409704_shear_img.jpg,256,256,Bottle,35,62,154,171
409705_hsv_img.jpg,256,256,Bottle,47,46,146,171
409706_seq_img.jpg,256,256,Bottle,128,73,255,191
409700_normal_img.jpg,256,256,Backpack,0,52,145,154
409700_normal_img.jpg,256,256,Bottle,0,0,136,46
409701_horizontal_img.jpg,256,256,Backpack,111,52,256,154
409701_horizontal_img.jpg,256,256,Bottle,120,0,256,46
409701_scale_img.jpg,256,256,Backpack,0,0,129,113
409701_scale_img.jpg,256,256,Bottle,84,164,201,233
409702_brightness_img.jpg,256,256,Backpack,0,0,146,107
409702_brightness_img.jpg,256,256,Bottle,96,186,230,230
409703_noise_s&p_img.jpg,256,256,Backpack,0,0,112,148
409703_noise_s&p_img.jpg,256,256,Bottle,97,156,230,230
409704_shear_img.jpg,256,256,Backpack,0,0,132,142
409704_shear_img.jpg,256,256,Bottle,105,174,229,230
409705_hsv_img.jpg,256,256,Backpack,0,0,141,133
409705_hsv_img.jpg,256,256,Bottle,136,107,230,230
409706_seq_img.jpg,256,256,Backpack,0,0,130,155
409706_seq_img.jpg,256,256,Bottle,191,109,256,256
409700_normal_img.jpg,256,256,Handbag,53,13,171,131
409701_horizontal_img.jpg,256,256,Handbag,85,13,203,131
409701_scale_img.jpg,256,256,Handbag,49,28,168,124
409702_brightness_img.jpg,256,256,Handbag,63,10,171,131
409703_noise_s&p_img.jpg,256,256,Handbag,61,7,171,131
409704_shear_img.jpg,256,256,Handbag,44,27,168,131
409705_hsv_img.jpg,256,256,Handbag,41,23,171,131
409706_seq_img.jpg,256,256,Handbag,59,14,196,150
409700_normal_img.jpg,256,256,Handbag,5,35,115,143
409701_horizontal_img.jpg,256,256,Handbag,141,35,251,143
409701_scale_img.jpg,256,256,Handbag,5,43,116,156
409702_brightness_img.jpg,256,256,Handbag,10,34,115,143
409703_noise_s&p_img.jpg,256,256,Handbag,4,36,115,143
409704_shear_img.jpg,256,256,Handbag,27,37,136,143
409705_hsv_img.jpg,256,256,Handbag,8,37,115,143
409706_seq_img.jpg,256,256,Handbag,151,36,253,160
409700_normal_img.jpg,256,256,Laptop,69,0,161,170
409701_horizontal_img.jpg,256,256,Laptop,95,0,187,170
409701_scale_img.jpg,256,256,Laptop,35,3,146,163
409702_brightness_img.jpg,256,256,Laptop,0,53,166,138
409703_noise_gauss_img.jpg,256,256,Laptop,36,0,161,176
409704_shear_img.jpg,256,256,Laptop,31,11,156,138
409705_hsv_img.jpg,256,256,Laptop,70,0,161,152
409706_seq_img.jpg,256,256,Laptop,95,0,206,194
409700_normal_img.jpg,256,256,Handbag,83,53,159,150
409700_normal_img.jpg,256,256,Watch,42,0,86,52
409701_horizontal_img.jpg,256,256,Handbag,97,53,173,150
409701_horizontal_img.jpg,256,256,Watch,170,0,214,52
409701_scale_img.jpg,256,256,Handbag,66,90,170,173
409701_scale_img.jpg,256,256,Watch,42,0,92,60
409702_brightness_img.jpg,256,256,Handbag,85,60,159,150
409702_brightness_img.jpg,256,256,Watch,36,0,86,45
409703_noise_s&p_img.jpg,256,256,Handbag,78,57,159,150
409703_noise_s&p_img.jpg,256,256,Watch,42,0,86,48
409704_shear_img.jpg,256,256,Handbag,71,76,157,150
409704_shear_img.jpg,256,256,Watch,27,0,80,44
409705_hsv_img.jpg,256,256,Handbag,74,63,159,150
409705_hsv_img.jpg,256,256,Watch,35,0,86,49
409706_seq_img.jpg,256,256,Handbag,111,58,191,166
409706_seq_img.jpg,256,256,Watch,192,0,250,54
